chapter_title,chapter_nr,book_title
Prologue: Dragonmount,Prologue,The Eye of the World
1 An Empty Road,1,The Eye of the World
2 Strangers,2,The Eye of the World
3 The Peddler,3,The Eye of the World
4 The Gleeman,4,The Eye of the World
5 Winternight,5,The Eye of the World
6 The Westwood,6,The Eye of the World
7 Out of the Woods,7,The Eye of the World
8 A Place of Safety,8,The Eye of the World
9 Tellings of the Wheel,9,The Eye of the World
10 Leavetaking,10,The Eye of the World
11 The Road to Taren Ferry,11,The Eye of the World
12 Across the Taren,12,The Eye of the World
13 Choices,13,The Eye of the World
14 The Stag and Lion,14,The Eye of the World
15 Strangers and Friends,15,The Eye of the World
16 The Wisdom,16,The Eye of the World
17 Watchers and Hunters,17,The Eye of the World
18 The Caemlyn Road,18,The Eye of the World
19 Shadow's Waiting,19,The Eye of the World
20 Dust on the Wind,20,The Eye of the World
21 Listen to the Wind,21,The Eye of the World
22 A Path Chosen,22,The Eye of the World
23 Wolfbrother,23,The Eye of the World
24 Flight Down the Arinelle,24,The Eye of the World
25 The Traveling People,25,The Eye of the World
26 Whitebridge,26,The Eye of the World
27 Shelter From the Storm,27,The Eye of the World
28 Footprints in Air,28,The Eye of the World
29 Eyes Without Pity,29,The Eye of the World
30 Children of Shadow,30,The Eye of the World
31 Play for Your Supper,31,The Eye of the World
32 Four Kings in Shadow,32,The Eye of the World
33 The Dark Waits,33,The Eye of the World
34 The Last Village,34,The Eye of the World
35 Caemlyn,35,The Eye of the World
36 Web of the Pattern,36,The Eye of the World
37 The Long Chase,37,The Eye of the World
38 Rescue,38,The Eye of the World
39 Weaving of the Web,39,The Eye of the World
40 The Web Tightens,40,The Eye of the World
41 Old Friends and New Threats,41,The Eye of the World
42 Remembrance of Dreams,42,The Eye of the World
43 Decisions and Apparitions,43,The Eye of the World
44 The Dark Along the Ways,44,The Eye of the World
45 What Follows in Shadow,45,The Eye of the World
46 Fal Dara,46,The Eye of the World
47 More Tales of the Wheel,47,The Eye of the World
48 The Blight,48,The Eye of the World
49 The Dark One Stirs,49,The Eye of the World
50 Meetings at the Eye,50,The Eye of the World
51 Against the Shadow,51,The Eye of the World
52 There Is Neither Beginning Nor End,52,The Eye of the World
53 The Wheel Turns,53,The Eye of the World
Prologue: In the Shadow,Prologue,The Great Hunt
1 The Flame of Tar Valon,1,The Great Hunt
2 The Welcome,2,The Great Hunt
3 Friends and Enemies,3,The Great Hunt
4 Summoned,4,The Great Hunt
5 The Shadow in Shienar,5,The Great Hunt
6 Dark Prophecy,6,The Great Hunt
7 Blood Calls Blood,7,The Great Hunt
8 The Dragon Reborn,8,The Great Hunt
9 Leavetakings,9,The Great Hunt
10 The Hunt Begins,10,The Great Hunt
11 Glimmers of the Pattern,11,The Great Hunt
12 Woven in the Pattern,12,The Great Hunt
13 From Stone to Stone,13,The Great Hunt
14 Wolfbrother,14,The Great Hunt
15 Kinslayer,15,The Great Hunt
16 In the Mirror of Darkness,16,The Great Hunt
17 Choices,17,The Great Hunt
18 To the White Tower,18,The Great Hunt
19 Beneath the Dagger,19,The Great Hunt
20 Saidin,20,The Great Hunt
21 The Nine Rings,21,The Great Hunt
22 Watchers,22,The Great Hunt
23 The Testing,23,The Great Hunt
24 New Friends and Old Enemies,24,The Great Hunt
25 Cairhien,25,The Great Hunt
26 Discord,26,The Great Hunt
27 The Shadow in the Night.,27,The Great Hunt
28 A New Thread in the Pattern.,28,The Great Hunt
29 Seanchan,29,The Great Hunt
30 Daes Dae'mar,30,The Great Hunt
31 On the Scent,31,The Great Hunt
32 Dangerous Words,32,The Great Hunt
33 A Message from the Dark,33,The Great Hunt
34 The Wheel Weaves,34,The Great Hunt
35 Stedding Tsofu,35,The Great Hunt
36 Among the Elders,36,The Great Hunt
37 What Might Be,37,The Great Hunt
38 Practice,38,The Great Hunt
39 Flight from the White Tower,39,The Great Hunt
40 Damane,40,The Great Hunt
41 Disagreements,41,The Great Hunt
42 Falme,42,The Great Hunt
43 A Plan,43,The Great Hunt
44 Five Will Ride Forth,44,The Great Hunt
45 Blademaster,45,The Great Hunt
46 To Come Out of the Shadow,46,The Great Hunt
47 The Grave Is No Bar to My Call,47,The Great Hunt
48 First Claiming,48,The Great Hunt
49 What Was Meant to Be,49,The Great Hunt
50 After,50,The Great Hunt
Prologue: Fortress of the Light,Prologue,The Dragon Reborn
1 Waiting,1,The Dragon Reborn
2 Saidin,2,The Dragon Reborn
3 News from the Plain,3,The Dragon Reborn
4 Shadows Sleeping,4,The Dragon Reborn
5 Nightmares Walking,5,The Dragon Reborn
6 The Hunt Begins,6,The Dragon Reborn
7 The Way Out of the Mountains,7,The Dragon Reborn
8 Jarra,8,The Dragon Reborn
9 Wolf Dreams,9,The Dragon Reborn
10 Secrets,10,The Dragon Reborn
11 Tar Valon,11,The Dragon Reborn
12 The Amyrlin Seat,12,The Dragon Reborn
13 Punishments,13,The Dragon Reborn
14 The Bite of the Thorns,14,The Dragon Reborn
15 The Gray Man,15,The Dragon Reborn
16 Hunters Three,16,The Dragon Reborn
17 The Red Sister,17,The Dragon Reborn
18 Healing,18,The Dragon Reborn
19 Awakening,19,The Dragon Reborn
20 Visitations,20,The Dragon Reborn
21 A World of Dreams,21,The Dragon Reborn
22 The Price of the Ring,22,The Dragon Reborn
23 Sealed,23,The Dragon Reborn
24 Scouting and Discoveries,24,The Dragon Reborn
25 Questions,25,The Dragon Reborn
26 Behind a Lock,26,The Dragon Reborn
27 Tel'aran'rhiod,27,The Dragon Reborn
28 A Way Out,28,The Dragon Reborn
29 A Trap to Spring,29,The Dragon Reborn
30 The First Toss,30,The Dragon Reborn
31 The Woman of Tanchico,31,The Dragon Reborn
32 The First Ship,32,The Dragon Reborn
33 Within the Weave,33,The Dragon Reborn
34 A Different Dance,34,The Dragon Reborn
35 The Falcon,35,The Dragon Reborn
36 Daughter of the Night,36,The Dragon Reborn
37 Fires in Cairhien,37,The Dragon Reborn
38 Maidens of the Spear,38,The Dragon Reborn
39 Threads in the Pattern,39,The Dragon Reborn
40 A Hero in the Night,40,The Dragon Reborn
41 A Hunter's Oath,41,The Dragon Reborn
42 Easing the Badger,42,The Dragon Reborn
43 Shadowbrothers,43,The Dragon Reborn
44 Hunted,44,The Dragon Reborn
45 Caemlyn,45,The Dragon Reborn
46 A Message Out of the Shadow,46,The Dragon Reborn
47 To Race the Shadow,47,The Dragon Reborn
48 Following the Craft,48,The Dragon Reborn
49 A Storm in Tear,49,The Dragon Reborn
50 The Hammer,50,The Dragon Reborn
51 Bait for the Net,51,The Dragon Reborn
52 In Search of a Remedy,52,The Dragon Reborn
53 A Flow of the Spirit,53,The Dragon Reborn
54 Into the Stone,54,The Dragon Reborn
55 What Is Written in Prophecy,55,The Dragon Reborn
56 People of the Dragon,56,The Dragon Reborn
1 Seeds of Shadow,1,The Shadow Rising
2 Whirlpools in the Pattern,2,The Shadow Rising
3 Reflection,3,The Shadow Rising
4 Strings,4,The Shadow Rising
5 Questioners,5,The Shadow Rising
6 Doorways,6,The Shadow Rising
7 Playing with Fire,7,The Shadow Rising
8 Hard Heads,8,The Shadow Rising
9 Decisions,9,The Shadow Rising
10 The Stone Stands,10,The Shadow Rising
11 What Lies Hidden,11,The Shadow Rising
12 Tanchico or the Tower,12,The Shadow Rising
13 Rumors,13,The Shadow Rising
14 Customs of Mayene,14,The Shadow Rising
15 Into the Doorway,15,The Shadow Rising
16 Leavetakings,16,The Shadow Rising
17 Deceptions,17,The Shadow Rising
18 Into the Ways,18,The Shadow Rising
19 The Wavedancer,19,The Shadow Rising
20 Winds Rising,20,The Shadow Rising
21 Into the Heart,21,The Shadow Rising
22 Out of the Stone,22,The Shadow Rising
23 Beyond the Stone,23,The Shadow Rising
24 Rhuidean,24,The Shadow Rising
25 The Road to the Spear,25,The Shadow Rising
26 The Dedicated,26,The Shadow Rising
27 Within the Ways,27,The Shadow Rising
28 To the Tower of Ghenjei,28,The Shadow Rising
29 Homecoming,29,The Shadow Rising
30 Beyond the Oak,30,The Shadow Rising
31 Assurances,31,The Shadow Rising
32 Questions to Be Asked,32,The Shadow Rising
33 A New Weave in the Pattern,33,The Shadow Rising
34 He Who Comes with the Dawn,34,The Shadow Rising
35 Sharp Lessons,35,The Shadow Rising
36 Misdirections,36,The Shadow Rising
37 Imre Stand,37,The Shadow Rising
38 Hidden Faces,38,The Shadow Rising
39 A Cup of Wine,39,The Shadow Rising
40 Hunter of Trollocs,40,The Shadow Rising
41 Among the Tuatha’an,41,The Shadow Rising
42 A Missing Leaf,42,The Shadow Rising
43 Care for the Living,43,The Shadow Rising
44 The Breaking Storm,44,The Shadow Rising
45 The Tinker’s Sword,45,The Shadow Rising
46 Veils,46,The Shadow Rising
47 The Truth of a Viewing,47,The Shadow Rising
48 An Offer Refused,48,The Shadow Rising
49 Cold Rocks Hold,49,The Shadow Rising
50 Traps,50,The Shadow Rising
51 Revelations in Tanchico,51,The Shadow Rising
52 Need,52,The Shadow Rising
53 The Price of a Departure,53,The Shadow Rising
54 Into the Palace,54,The Shadow Rising
55 Into the Deep,55,The Shadow Rising
56 Goldeneyes,56,The Shadow Rising
57 A Breaking in the Three-fold Land,57,The Shadow Rising
58 The Traps of Rhuidean,58,The Shadow Rising
Prologue: The First Sparks Fall,Prologue,The Fires of Heaven
1 Fanning the Sparks,1,The Fires of Heaven
2 Rhuidean,2,The Fires of Heaven
3 Pale Shadows,3,The Fires of Heaven
4 Twilight,4,The Fires of Heaven
5 Among the Wise Ones,5,The Fires of Heaven
6 Gateways,6,The Fires of Heaven
7 A Departure,7,The Fires of Heaven
8 Over the Border,8,The Fires of Heaven
9 A Signal,9,The Fires of Heaven
10 Figs and Mice,10,The Fires of Heaven
11 The Nine Horse Hitch,11,The Fires of Heaven
12 An Old Pipe,12,The Fires of Heaven
13 A Small Room in Sienda,13,The Fires of Heaven
14 Meetings,14,The Fires of Heaven
15 What Can Be Learned in Dreams,15,The Fires of Heaven
16 An Unexpected Offer,16,The Fires of Heaven
17 Heading West,17,The Fires of Heaven
18 A Hound of Darkness,18,The Fires of Heaven
19 Memories,19,The Fires of Heaven
20 Jangai Pass,20,The Fires of Heaven
21 The Gift of a Blade,21,The Fires of Heaven
22 Birdcalls by Night,22,The Fires of Heaven
"23 The Fifth, I Give You",23,The Fires of Heaven
24 A Message Sent,24,The Fires of Heaven
25 Dreams of Galad,25,The Fires of Heaven
26 Sallie Daera,26,The Fires of Heaven
27 The Practice of Diffidence,27,The Fires of Heaven
28 Trapped,28,The Fires of Heaven
29 Memories of Saldaea,29,The Fires of Heaven
30 A Wager,30,The Fires of Heaven
31 The Far Snows,31,The Fires of Heaven
32 A Short Spear,32,The Fires of Heaven
33 A Question of Crimson,33,The Fires of Heaven
34 A Silver Arrow,34,The Fires of Heaven
35 Ripped Away,35,The Fires of Heaven
36 A New Name,36,The Fires of Heaven
37 Performances in Samara,37,The Fires of Heaven
38 An Old Acquaintance,38,The Fires of Heaven
39 Encounters in Samara,39,The Fires of Heaven
40 The Wheel Weaves,40,The Fires of Heaven
41 The Craft of Kin Tovere,41,The Fires of Heaven
42 Before the Arrow,42,The Fires of Heaven
"43 This Place, This Day",43,The Fires of Heaven
44 The Lesser Sadness,44,The Fires of Heaven
45 After the Storm,45,The Fires of Heaven
"46 Other Battles, Other Weapons",46,The Fires of Heaven
47 The Price of a Ship,47,The Fires of Heaven
48 Leavetakings,48,The Fires of Heaven
49 To Boannda,49,The Fires of Heaven
"50 To Teach, and Learn",50,The Fires of Heaven
51 News Comes to Cairhien,51,The Fires of Heaven
52 Choices,52,The Fires of Heaven
53 Fading Words,53,The Fires of Heaven
54 To Caemlyn,54,The Fires of Heaven
55 The Threads Burn,55,The Fires of Heaven
56 Glowing Embers,56,The Fires of Heaven
Prologue: The First Message,Prologue,Lord of Chaos
1 Lion on the Hill,1,Lord of Chaos
2 A New Arrival,2,Lord of Chaos
3 A Woman's Eyes,3,Lord of Chaos
4 A Sense of Humor,4,Lord of Chaos
5 A Different Dance,5,Lord of Chaos
6 Threads Woven of Shadow,6,Lord of Chaos
7 A Matter of Thought,7,Lord of Chaos
8 The Storm Gathers,8,Lord of Chaos
9 Plans,9,Lord of Chaos
10 A Saying in the Borderlands,10,Lord of Chaos
11 Lessons and Teachers,11,Lord of Chaos
12 Questions and Answers,12,Lord of Chaos
13 Under the Dust,13,Lord of Chaos
14 Dreams and Nightmares,14,Lord of Chaos
15 A Pile of Sand,15,Lord of Chaos
16 Tellings of the Wheel,16,Lord of Chaos
17 The Wheel of a Life,17,Lord of Chaos
18 A Taste of Solitude,18,Lord of Chaos
19 Matters of Toh,19,Lord of Chaos
20 From the Stedding,20,Lord of Chaos
21 To Shadar Logoth,21,Lord of Chaos
22 Heading South,22,Lord of Chaos
23 To Understand a Message,23,Lord of Chaos
24 An Embassy,24,Lord of Chaos
25 Like Lightning and Rain,25,Lord of Chaos
26 Connecting Lines,26,Lord of Chaos
27 Gifts,27,Lord of Chaos
28 Letters,28,Lord of Chaos
29 Fire and Spirit,29,Lord of Chaos
30 To Heal Again,30,Lord of Chaos
31 Red Wax,31,Lord of Chaos
32 Summoned in Haste,32,Lord of Chaos
33 Courage to Strengthen,33,Lord of Chaos
34 Journey to Salidar,34,Lord of Chaos
35 In the Hall of the Sitters,35,Lord of Chaos
36 The Amyrlin Is Raised,36,Lord of Chaos
37 When Battle Begins,37,Lord of Chaos
38 A Sudden Chill,38,Lord of Chaos
39 Possibilities,39,Lord of Chaos
40 Unexpected Laughter,40,Lord of Chaos
41 A Threat,41,Lord of Chaos
42 The Black Tower,42,Lord of Chaos
43 The Crown of Roses,43,Lord of Chaos
44 The Color of Trust,44,Lord of Chaos
45 A Bitter Thought,45,Lord of Chaos
46 Beyond the Gate,46,Lord of Chaos
47 The Wandering Woman,47,Lord of Chaos
48 Leaning on the Knife,48,Lord of Chaos
49 The Mirror of Mists,49,Lord of Chaos
50 Thorns,50,Lord of Chaos
51 The Taking,51,Lord of Chaos
52 Weaves of the Power,52,Lord of Chaos
53 The Feast of Lights,53,Lord of Chaos
54 The Sending,54,Lord of Chaos
55 Dumai's Wells,55,Lord of Chaos
Epilogue: The Answer,Epilogue,Lord of Chaos
Prologue: Lightnings,Prologue,A Crown of Swords
1 High Chasaline,1,A Crown of Swords
2 The Butcher's Yard,2,A Crown of Swords
3 Hill of the Golden Dawn,3,A Crown of Swords
4 Into Cairhien,4,A Crown of Swords
5 A Broken Crown,5,A Crown of Swords
"6 Old Fear, and New Fear",6,A Crown of Swords
7 Pitfalls and Tripwires,7,A Crown of Swords
8 The Figurehead,8,A Crown of Swords
9 A Pair of Silverpike,9,A Crown of Swords
10 Unseen Eyes,10,A Crown of Swords
11 An Oath,11,A Crown of Swords
12 A Morning of Victory,12,A Crown of Swords
13 The Bowl of the Winds,13,A Crown of Swords
14 White Plumes,14,A Crown of Swords
15 Insects,15,A Crown of Swords
16 A Touch on the Cheek,16,A Crown of Swords
17 The Triumph of Logic,17,A Crown of Swords
18 As the Plow Breaks the Earth,18,A Crown of Swords
19 Diamonds and Stars,19,A Crown of Swords
20 Patterns Within Patterns,20,A Crown of Swords
21 Swovan Night,21,A Crown of Swords
22 Small Sacrifices,22,A Crown of Swords
23 Next Door to a Weaver,23,A Crown of Swords
24 The Kin,24,A Crown of Swords
25 Mindtrap,25,A Crown of Swords
26 The Irrevocable Words,26,A Crown of Swords
27 To Be Alone,27,A Crown of Swords
28 Bread and Cheese,28,A Crown of Swords
29 The Festival of Birds,29,A Crown of Swords
30 The First Cup,30,A Crown of Swords
31 Mashiara,31,A Crown of Swords
32 Sealed to the Flame,32,A Crown of Swords
33 A Bath,33,A Crown of Swords
34 Ta'veren,34,A Crown of Swords
35 Into the Woods,35,A Crown of Swords
36 Blades,36,A Crown of Swords
37 A Note from the Palace,37,A Crown of Swords
38 Six Stories,38,A Crown of Swords
39 Promises to Keep,39,A Crown of Swords
40 Spears,40,A Crown of Swords
41 A Crown of Swords,41,A Crown of Swords
Prologue Deceptive Appearances,Prologue,The Path of Daggers
1 To Keep the Bargain,1,The Path of Daggers
2 Unweaving,2,The Path of Daggers
3 A Pleasant Ride,3,The Path of Daggers
4 A Quiet Place,4,The Path of Daggers
5 The Breaking Storm,5,The Path of Daggers
6 Threads,6,The Path of Daggers
7 A Goatpen,7,The Path of Daggers
8 A Simple Country Woman,8,The Path of Daggers
9 Tangles,9,The Path of Daggers
10 Changes,10,The Path of Daggers
11 Questions and an Oath,11,The Path of Daggers
12 New Alliances,12,The Path of Daggers
13 Floating Like Snow,13,The Path of Daggers
14 Message from the M'Hael,14,The Path of Daggers
15 Stronger Than Written Law,15,The Path of Daggers
16 Unexpected Absences,16,The Path of Daggers
17 Out on the Ice,17,The Path of Daggers
18 A Peculiar Calling,18,The Path of Daggers
19 The Law,19,The Path of Daggers
20 Into Andor,20,The Path of Daggers
21 Answering the Summons,21,The Path of Daggers
22 Gathering Clouds,22,The Path of Daggers
"23 Fog of War, Storm of Battle",23,The Path of Daggers
24 A Time for Iron,24,The Path of Daggers
25 An Unwelcome Return,25,The Path of Daggers
26 The Extra Bit,26,The Path of Daggers
27 The Bargain,27,The Path of Daggers
28 Crimsonthorn,28,The Path of Daggers
29 A Cup of Sleep,29,The Path of Daggers
30 Beginnings,30,The Path of Daggers
31 After,31,The Path of Daggers
Prologue: Snow,Prologue,Winter's Heart
1 Leaving the Prophet,1,Winter's Heart
2 Taken,2,Winter's Heart
3 Customs,3,Winter's Heart
4 Offers,4,Winter's Heart
5 Flags,5,Winter's Heart
6 The Scent of Madness,6,Winter's Heart
7 The Streets of Caemlyn,7,Winter's Heart
8 Sea Folk and Kin,8,Winter's Heart
9 A Cup of Tea,9,Winter's Heart
10 A Plan Succeeds,10,Winter's Heart
11 Ideas of Importance,11,Winter's Heart
12 A Lily in Winter,12,Winter's Heart
13 Wonderful News,13,Winter's Heart
14 What a Veil Hides,14,Winter's Heart
15 In Need of a Bellfounder,15,Winter's Heart
16 An Unexpected Encounter,16,Winter's Heart
17 Pink Ribbons,17,Winter's Heart
18 An Offer,18,Winter's Heart
19 Three Women,19,Winter's Heart
20 Questions of Treason,20,Winter's Heart
21 A Matter of Property,21,Winter's Heart
22 Out of Thin Air,22,Winter's Heart
23 To Lose the Sun,23,Winter's Heart
24 Among the Counsels,24,Winter's Heart
25 Bonds,25,Winter's Heart
26 Expectation,26,Winter's Heart
27 To Surprise Queens and Kings,27,Winter's Heart
28 News in a Cloth Sack,28,Winter's Heart
29 Another Plan,29,Winter's Heart
"30 Cold, Fat Raindrops",30,Winter's Heart
31 What the Aelfinn Said,31,Winter's Heart
32 A Portion of Wisdom,32,Winter's Heart
33 Blue Carp Street,33,Winter's Heart
34 The Hummingbird's Secret,34,Winter's Heart
35 With the Choedan Kal,35,Winter's Heart
Prologue: Glimmers of the Pattern,Prologue,Crossroads of Twilight
1 Time to Be Gone,1,Crossroads of Twilight
2 Two Captains,2,Crossroads of Twilight
3 A Fan of Colors,3,Crossroads of Twilight
4 The Tale of a Doll,4,Crossroads of Twilight
5 The Forging of a Hammer,5,Crossroads of Twilight
6 The Scent of a Dream,6,Crossroads of Twilight
7 Blacksmith's Puzzle,7,Crossroads of Twilight
8 Whirlpools of Color,8,Crossroads of Twilight
9 Traps,9,Crossroads of Twilight
10 A Blazing Beacon,10,Crossroads of Twilight
11 Talk of Debts,11,Crossroads of Twilight
12 A Bargain,12,Crossroads of Twilight
13 High Seats,13,Crossroads of Twilight
14 What Wise Ones Know,14,Crossroads of Twilight
15 Gathering Darkness,15,Crossroads of Twilight
16 The Subject of Negotiations,16,Crossroads of Twilight
17 Secrets,17,Crossroads of Twilight
18 A Chat with Siuan,18,Crossroads of Twilight
19 Surprises,19,Crossroads of Twilight
20 In the Night,20,Crossroads of Twilight
21 A Mark,21,Crossroads of Twilight
22 One Answer,22,Crossroads of Twilight
23 Ornaments,23,Crossroads of Twilight
24 A Strengthening Storm,24,Crossroads of Twilight
25 When to Wear Jewels,25,Crossroads of Twilight
26 In So Habor,26,Crossroads of Twilight
27 What Must Be Done,27,Crossroads of Twilight
28 A Cluster of Rosebuds,28,Crossroads of Twilight
29 Something Flickers,29,Crossroads of Twilight
30 What the Oath Rod Can Do,30,Crossroads of Twilight
Epilogue: An Answer,Epilogue,Crossroads of Twilight
Prologue: Embers Falling on Dry Grass,Prologue,Knife of Dreams
1 When Last Sounds,1,Knife of Dreams
2 The Dark One's Touch,2,Knife of Dreams
3 At the Gardens,3,Knife of Dreams
4 A Deal,4,Knife of Dreams
5 Something… Strange,5,Knife of Dreams
6 A Stave and a Razor,6,Knife of Dreams
7 A Cold Medallion,7,Knife of Dreams
8 Dragons' Eggs,8,Knife of Dreams
9 A Short Path,9,Knife of Dreams
10 A Village in Shiota,10,Knife of Dreams
11 A Hell in Maderin,11,Knife of Dreams
12 A Manufactory,12,Knife of Dreams
13 Siege,13,Knife of Dreams
14 Wet Things,14,Knife of Dreams
15 A Different Skill,15,Knife of Dreams
16 The New Follower,16,Knife of Dreams
17 A Bronze Bear,17,Knife of Dreams
18 News for the Dragon,18,Knife of Dreams
19 Vows,19,Knife of Dreams
20 The Golden Crane,20,Knife of Dreams
21 Within the Stone,21,Knife of Dreams
22 To Make an Anchor Weep,22,Knife of Dreams
23 Call to a Sitting,23,Knife of Dreams
24 Honey in the Tea,24,Knife of Dreams
25 Attending Elaida,25,Knife of Dreams
26 As If the World Were Fog,26,Knife of Dreams
27 A Plain Wooden Box,27,Knife of Dreams
28 In Malden,28,Knife of Dreams
29 The Last Knot,29,Knife of Dreams
30 Outside the Gates,30,Knife of Dreams
31 The House on Full Moon Street,31,Knife of Dreams
32 To Keep the Bargain,32,Knife of Dreams
33 Nine Out of Ten,33,Knife of Dreams
34 A Cup of Kaf,34,Knife of Dreams
35 The Importance of Dyelin,35,Knife of Dreams
36 Under an Oak,36,Knife of Dreams
37 Prince of the Ravens,37,Knife of Dreams
Epilogue: Remember the Old Saying,Epilogue,Knife of Dreams
Prologue: What the Storm Means,Prologue,The Gathering Storm
1 Tears from Steel,1,The Gathering Storm
2 The Nature of Pain,2,The Gathering Storm
3 The Ways of Honor,3,The Gathering Storm
4 Nightfall,4,The Gathering Storm
5 A Tale of Blood,5,The Gathering Storm
6 When Iron Melts,6,The Gathering Storm
7 The Plan for Arad Doman,7,The Gathering Storm
8 Clean Shirts,8,The Gathering Storm
9 Leaving Malden,9,The Gathering Storm
10 The Last of the Tabac,10,The Gathering Storm
11 The Death of Adrin,11,The Gathering Storm
12 Unexpected Encounters,12,The Gathering Storm
13 An Offer and a Departure,13,The Gathering Storm
14 A Box Opens,14,The Gathering Storm
15 A Place to Begin,15,The Gathering Storm
16 In the White Tower,16,The Gathering Storm
17 Questions of Control,17,The Gathering Storm
18 A Message in Haste,18,The Gathering Storm
19 Gambits,19,The Gathering Storm
20 On a Broken Road,20,The Gathering Storm
21 Embers and Ash,21,The Gathering Storm
22 The Last That Could Be Done,22,The Gathering Storm
23 A Warp in the Air,23,The Gathering Storm
24 A New Commitment,24,The Gathering Storm
25 In Darkness,25,The Gathering Storm
26 A Crack in the Stone,26,The Gathering Storm
27 The Tipsy Gelding,27,The Gathering Storm
28 Night in Hinderstap,28,The Gathering Storm
29 Into Bandar Eban,29,The Gathering Storm
30 Old Advice,30,The Gathering Storm
31 A Promise to Lews Therin,31,The Gathering Storm
32 Rivers of Shadow,32,The Gathering Storm
33 A Conversation with the Dragon,33,The Gathering Storm
34 Legends,34,The Gathering Storm
35 A Halo of Blackness,35,The Gathering Storm
36 The Death of Tuon,36,The Gathering Storm
37 A Force of Light,37,The Gathering Storm
38 News in Tel'aran'rhiod,38,The Gathering Storm
39 A Visit from Verin Sedai,39,The Gathering Storm
40 The Tower Shakes,40,The Gathering Storm
41 A Fount of Power,41,The Gathering Storm
42 Before the Stone of Tear,42,The Gathering Storm
43 Sealed to the Flame,43,The Gathering Storm
44 Scents Unknown,44,The Gathering Storm
45 The Tower Stands,45,The Gathering Storm
46 To Be Forged Again,46,The Gathering Storm
47 The One He Lost,47,The Gathering Storm
48 Reading the Commentary,48,The Gathering Storm
49 Just Another Man,49,The Gathering Storm
50 Veins of Gold,50,The Gathering Storm
Epilogue: Bathed in Light,Epilogue,The Gathering Storm
Prologue: Distinctions,Prologue,Towers of Midnight
1 Apples First,1,Towers of Midnight
2 Questions of Leadership,2,Towers of Midnight
3 The Amyrlin's Anger,3,Towers of Midnight
4 The Pattern Groans,4,Towers of Midnight
5 Writings,5,Towers of Midnight
6 Questioning Intentions,6,Towers of Midnight
7 Lighter than a Feather,7,Towers of Midnight
8 The Seven-Striped Lass,8,Towers of Midnight
9 Blood in the Air,9,Towers of Midnight
10 After the Taint,10,Towers of Midnight
11 An Unexpected Letter,11,Towers of Midnight
12 An Empty Ink Bottle,12,Towers of Midnight
13 For What Has Been Wrought,13,Towers of Midnight
14 A Vow,14,Towers of Midnight
15 Use a Pebble,15,Towers of Midnight
16 Shanna'har,16,Towers of Midnight
"17 Partings, and a Meeting",17,Towers of Midnight
18 The Strength of This Place,18,Towers of Midnight
19 Talk of Dragons,19,Towers of Midnight
20 A Choice,20,Towers of Midnight
21 An Open Gate,21,Towers of Midnight
22 The End of a Legend,22,Towers of Midnight
23 Foxheads,23,Towers of Midnight
24 To Make a Stand,24,Towers of Midnight
25 Return to Bandar Eban,25,Towers of Midnight
26 Parley,26,Towers of Midnight
27 A Call to Stand,27,Towers of Midnight
28 Oddities,28,Towers of Midnight
29 A Terrible Feeling,29,Towers of Midnight
30 Men Dream Here,30,Towers of Midnight
31 Into the Void,31,Towers of Midnight
32 A Storm of Light,32,Towers of Midnight
33 A Good Soup,33,Towers of Midnight
34 Judgment,34,Towers of Midnight
35 The Right Thing,35,Towers of Midnight
36 An Invitation,36,Towers of Midnight
37 Darkness in the Tower,37,Towers of Midnight
38 Wounds,38,Towers of Midnight
39 In the Three-fold Land,39,Towers of Midnight
40 A Making,40,Towers of Midnight
41 An Unexpected Ally,41,Towers of Midnight
42 Stronger than Blood,42,Towers of Midnight
43 Some Tea,43,Towers of Midnight
44 A Backhanded Request,44,Towers of Midnight
45 A Reunion,45,Towers of Midnight
46 Working Leather,46,Towers of Midnight
47 A Teaching Chamber,47,Towers of Midnight
48 Near Avendesora,48,Towers of Midnight
49 Court of the Sun,49,Towers of Midnight
50 Choosing Enemies,50,Towers of Midnight
51 A Testing,51,Towers of Midnight
52 Boots,52,Towers of Midnight
53 Gateways,53,Towers of Midnight
54 The Light of the World,54,Towers of Midnight
55 The One Left Behind,55,Towers of Midnight
56 Something Wrong,56,Towers of Midnight
57 A Rabbit for Supper,57,Towers of Midnight
Epilogue: And After,Epilogue,Towers of Midnight
Prologue: By Grace and Banner Fallen,Prologue,A Memory of Light
1. Eastward the Wind Blew,1,A Memory of Light
2. The Choice of an Ajah,2,A Memory of Light
3. A Dangerous Place,3,A Memory of Light
4. Advantages to a Bond,4,A Memory of Light
5. To Require a Boon,5,A Memory of Light
6. A Knack,6,A Memory of Light
7. Into the Thick of It,7,A Memory of Light
8. That Smoldering City,8,A Memory of Light
9. To Die Well,9,A Memory of Light
10. The Use of Dragons,10,A Memory of Light
11. Just Another Sell-sword,11,A Memory of Light
12. A Shard of a Moment,12,A Memory of Light
13. What Must Be Done,13,A Memory of Light
14. Doses of Forkroot,14,A Memory of Light
15. Your Neck in a Cord,15,A Memory of Light
16. A Silence Like Screaming,16,A Memory of Light
"17. Older, More Weathered",17,A Memory of Light
18. To Feel Wasted,18,A Memory of Light
19. The Choice of a Patch,19,A Memory of Light
20. Into Thakan'dar,20,A Memory of Light
21. Not a Mistake to Ignore,21,A Memory of Light
22. The Wyld,22,A Memory of Light
23. At the Edge of Time,23,A Memory of Light
24. To Ignore the Omens,24,A Memory of Light
25. Quick Fragments,25,A Memory of Light
26. Considerations,26,A Memory of Light
27. Friendly Fire,27,A Memory of Light
28. Too Many Men,28,A Memory of Light
29. The Loss of a Hill,29,A Memory of Light
30. The Way of the Predator,30,A Memory of Light
31. A Tempest of Water,31,A Memory of Light
32. A Yellow Flower-Spider,32,A Memory of Light
33. The Prince's Tabac,33,A Memory of Light
34. Drifting,34,A Memory of Light
35. A Practiced Grin,35,A Memory of Light
36. Unchangeable Things,36,A Memory of Light
37. The Last Battle,37,A Memory of Light
38. The Place That Was Not,38,A Memory of Light
39. Those Who Fight,39,A Memory of Light
40. Wolfbrother,40,A Memory of Light
41. A Smile,41,A Memory of Light
42. Impossibilities,42,A Memory of Light
43. A Field of Glass,43,A Memory of Light
44. Two Craftsmen,44,A Memory of Light
45. Tendrils of Mist,45,A Memory of Light
46. To Awaken,46,A Memory of Light
47. Watching the Flow Writhe,47,A Memory of Light
48. A Brilliant Lance,48,A Memory of Light
49. Light and Shadow,49,A Memory of Light
Epilogue: To See the Answer,Epilogue,A Memory of Light